file,M,N,NNZ,Sparsity,K,BSMR,cuSDDMM,cuSparse,RoDe,ASpT,TCGNN,FlashSparse,Sputnik
./suiteSparse_dataset/c-63/c-63.mtx,44234,44234,239469,99.98%,32,748.34,0,0,0,0,0,0,0
./suiteSparse_dataset/HEP-th/HEP-th.mtx,27240,27240,342437,99.95%,32,1222.99,0,0,0,0,0,0,0
./suiteSparse_dataset/li/li.mtx,22695,22695,1350309,99.73%,32,2961.2,0,0,0,0,0,0,0
./suiteSparse_dataset/e40r0100/e40r0100.mtx,17281,17281,553562,99.81%,32,3326.69,0,0,0,0,0,0,0
./suiteSparse_dataset/g7jac180sc/g7jac180sc.mtx,53370,53370,747276,99.97%,32,2267.22,0,0,0,0,0,0,0
./suiteSparse_dataset/Trefethen_20000/Trefethen_20000.mtx,20000,20000,287233,99.92%,32,1632.01,0,0,0,0,0,0,0
./suiteSparse_dataset/c-62ghs/c-62ghs.mtx,41731,41731,300537,99.98%,32,690.57,0,0,0,0,0,0,0
./suiteSparse_dataset/chem_master1/chem_master1.mtx,40401,40401,201201,99.98%,32,1462.22,0,0,0,0,0,0,0
./suiteSparse_dataset/soc-sign-Slashdot090216/soc-sign-Slashdot090216.mtx,81871,81871,545671,99.99%,32,823.78,0,0,0,0,0,0,0
./suiteSparse_dataset/TSOPF_RS_b300_c2/TSOPF_RS_b300_c2.mtx,28338,28338,2943887,99.63%,32,6764.45,0,0,0,0,0,0,0
./suiteSparse_dataset/sinc15/sinc15.mtx,11532,11532,568526,99.57%,32,2077.95,0,0,0,0,0,0,0
./suiteSparse_dataset/lhr34c/lhr34c.mtx,35152,35152,764014,99.93%,32,3914.01,0,0,0,0,0,0,0
./suiteSparse_dataset/crankseg_2/crankseg_2.mtx,63838,63838,7106348,99.82%,32,4287.13,0,0,0,0,0,0,0
./suiteSparse_dataset/LeGresley_87936/LeGresley_87936.mtx,87936,87936,593276,99.99%,32,1844.76,0,0,0,0,0,0,0
./suiteSparse_dataset/lhr34/lhr34.mtx,35152,35152,764014,99.93%,32,4012.68,0,0,0,0,0,0,0
./suiteSparse_dataset/g7jac080/g7jac080.mtx,23670,23670,293976,99.94%,32,1766.68,0,0,0,0,0,0,0
./suiteSparse_dataset/net75/net75.mtx,23120,23120,756160,99.85%,32,2625.56,0,0,0,0,0,0,0
./suiteSparse_dataset/Dubcova2/Dubcova2.mtx,65025,65025,547625,99.98%,32,1880.58,0,0,0,0,0,0,0
./suiteSparse_dataset/ASIC_100ks/ASIC_100ks.mtx,99190,99190,578890,99.99%,32,1350.02,0,0,0,0,0,0,0
./suiteSparse_dataset/wathen100/wathen100.mtx,30401,30401,251001,99.97%,32,1743.06,0,0,0,0,0,0,0
./suiteSparse_dataset/net100/net100.mtx,29920,29920,1031560,99.88%,32,2589.26,0,0,0,0,0,0,0
./suiteSparse_dataset/g7jac160sc/g7jac160sc.mtx,47430,47430,656616,99.97%,32,2279.92,0,0,0,0,0,0,0
./suiteSparse_dataset/Zhao1/Zhao1.mtx,33861,33861,166453,99.98%,32,1238.49,0,0,0,0,0,0,0
./suiteSparse_dataset/pkustk07/pkustk07.mtx,16860,16860,1217832,99.57%,32,3641.84,0,0,0,0,0,0,0
./suiteSparse_dataset/lp_nug20/lp_nug20.mtx,15240,72600,304800,99.97%,32,1380.43,0,0,0,0,0,0,0
./suiteSparse_dataset/c-54/c-54.mtx,31793,31793,211743,99.97%,32,1102.83,0,0,0,0,0,0,0
./suiteSparse_dataset/foldoc/foldoc.mtx,13356,13356,120238,99.93%,32,1192.84,0,0,0,0,0,0,0
./suiteSparse_dataset/airfoil_2d/airfoil_2d.mtx,14214,14214,259688,99.87%,32,1726.65,0,0,0,0,0,0,0
./suiteSparse_dataset/lhr17c/lhr17c.mtx,17576,17576,381975,99.87%,32,2808.64,0,0,0,0,0,0,0
./suiteSparse_dataset/pcrystk03/pcrystk03.mtx,24696,24696,887937,99.85%,32,3189.43,0,0,0,0,0,0,0
./suiteSparse_dataset/conf6_0-8x8-30/conf6_0-8x8-30.mtx,49152,49152,1916928,99.92%,32,3902.54,0,0,0,0,0,0,0
./suiteSparse_dataset/chipcool1/chipcool1.mtx,20082,20082,281150,99.93%,32,1706.01,0,0,0,0,0,0,0
./suiteSparse_dataset/lowThrust_13/lowThrust_13.mtx,18476,18476,117580,99.96%,32,1224.79,0,0,0,0,0,0,0
./suiteSparse_dataset/vsp_vibrobox_scagr7-2c_rlfddd/vsp_vibrobox_scagr7-2c_rlfddd.mtx,77328,77328,435586,99.99%,32,1448.09,0,0,0,0,0,0,0
./suiteSparse_dataset/soc-sign-Slashdot081106/soc-sign-Slashdot081106.mtx,77357,77357,516575,99.99%,32,823.62,0,0,0,0,0,0,0
./suiteSparse_dataset/c-66b/c-66b.mtx,49989,49989,274498,99.98%,32,875.31,0,0,0,0,0,0,0
./suiteSparse_dataset/t3dh_e/t3dh_e.mtx,79171,79171,2215638,99.96%,32,3183.39,0,0,0,0,0,0,0
./suiteSparse_dataset/smt/smt.mtx,25710,25710,1889447,99.71%,32,3797.12,0,0,0,0,0,0,0
./suiteSparse_dataset/Si5H12/Si5H12.mtx,19896,19896,379247,99.90%,32,1837.44,0,0,0,0,0,0,0
./suiteSparse_dataset/nug08-3rd/nug08-3rd.mtx,19728,29856,148416,99.97%,32,1236.8,0,0,0,0,0,0,0
./suiteSparse_dataset/nd6k/nd6k.mtx,18000,18000,3457658,98.93%,32,3631.99,0,0,0,0,0,0,0
./suiteSparse_dataset/G_n_pin_pout/G_n_pin_pout.mtx,100000,100000,501198,99.99%,32,1263.1,0,0,0,0,0,0,0
./suiteSparse_dataset/fome12/fome12.mtx,24284,48920,142528,99.98%,32,655,0,0,0,0,0,0,0
./suiteSparse_dataset/rim/rim.mtx,22560,22560,1014951,99.80%,32,3356.32,0,0,0,0,0,0,0
./suiteSparse_dataset/conf5_4-8x8-10/conf5_4-8x8-10.mtx,49152,49152,1916928,99.92%,32,3889.87,0,0,0,0,0,0,0
./suiteSparse_dataset/south31/south31.mtx,18425,36321,112398,99.98%,32,1080.75,0,0,0,0,0,0,0
./suiteSparse_dataset/world/world.mtx,34506,67147,198883,99.99%,32,597.61,0,0,0,0,0,0,0
./suiteSparse_dataset/epb3/epb3.mtx,84617,84617,463625,99.99%,32,1845.64,0,0,0,0,0,0,0
./suiteSparse_dataset/rajat15/rajat15.mtx,37261,37261,443573,99.96%,32,969.35,0,0,0,0,0,0,0
./suiteSparse_dataset/sc205-2r/sc205-2r_A_12.mtx,35213,62423,123239,99.99%,32,1069.78,0,0,0,0,0,0,0
./suiteSparse_dataset/invextr1_new/invextr1_new.mtx,30412,30412,1793881,99.80%,32,2695.13,0,0,0,0,0,0,0
./suiteSparse_dataset/tomographic1/tomographic1.mtx,73159,59498,647495,99.98%,32,1864.9,0,0,0,0,0,0,0
./suiteSparse_dataset/rgg_n_2_16_s0/rgg_n_2_16_s0.mtx,65536,65536,342127,99.99%,32,1527.35,0,0,0,0,0,0,0
./suiteSparse_dataset/n4c6-b5/n4c6-b5.mtx,51813,20058,310878,99.97%,32,1494.61,0,0,0,0,0,0,0
./suiteSparse_dataset/soc-Epinions1/soc-Epinions1.mtx,75888,75888,508837,99.99%,32,679.54,0,0,0,0,0,0,0
./suiteSparse_dataset/laminar_duct3D/laminar_duct3D.mtx,67173,67173,3833077,99.91%,32,3889.08,0,0,0,0,0,0,0
./suiteSparse_dataset/Wordnet3/Wordnet3.mtx,82670,82670,132964,99.99%,32,675.63,0,0,0,0,0,0,0
./suiteSparse_dataset/bbmat/bbmat.mtx,38744,38744,1771722,99.88%,32,3885.36,0,0,0,0,0,0,0
./suiteSparse_dataset/light_in_tissue/light_in_tissue.mtx,29282,29282,406084,99.95%,32,2014.31,0,0,0,0,0,0,0
./suiteSparse_dataset/lowThrust_7/lowThrust_7.mtx,17378,17378,110607,99.96%,32,1171.68,0,0,0,0,0,0,0
./suiteSparse_dataset/cfd1/cfd1.mtx,70656,70656,949510,99.98%,32,2060.57,0,0,0,0,0,0,0
./suiteSparse_dataset/TSOPF_FS_b162_c3/TSOPF_FS_b162_c3.mtx,30798,30798,904612,99.90%,32,4751.11,0,0,0,0,0,0,0
./suiteSparse_dataset/lowThrust_11/lowThrust_11.mtx,18368,18368,117002,99.96%,32,1179.46,0,0,0,0,0,0,0
./suiteSparse_dataset/mark3jac080sc/mark3jac080sc.mtx,36609,36609,227955,99.98%,32,1565.62,0,0,0,0,0,0,0
./suiteSparse_dataset/appu/appu.mtx,14000,14000,1853104,99.05%,32,1536.06,0,0,0,0,0,0,0
./suiteSparse_dataset/TEM27623/TEM27623_M.mtx,27623,27623,233546,99.96%,32,1604.02,0,0,0,0,0,0,0
./suiteSparse_dataset/Si34H36/Si34H36.mtx,97569,97569,2626974,99.97%,32,2537.65,0,0,0,0,0,0,0
./suiteSparse_dataset/jan99jac060sc/jan99jac060sc.mtx,20614,20614,127182,99.97%,32,1119.56,0,0,0,0,0,0,0
./suiteSparse_dataset/pltexpa/pltexpa.mtx,26894,70364,143059,99.99%,32,1077.25,0,0,0,0,0,0,0
./suiteSparse_dataset/onetone1/onetone1.mtx,36057,36057,341088,99.97%,32,1590.9,0,0,0,0,0,0,0
./suiteSparse_dataset/soc-Slashdot0902/soc-Slashdot0902.mtx,82168,82168,948464,99.98%,32,731.84,0,0,0,0,0,0,0
./suiteSparse_dataset/jan99jac120sc/jan99jac120sc.mtx,41374,41374,260202,99.98%,32,1378.19,0,0,0,0,0,0,0
./suiteSparse_dataset/Goodwin_054/Goodwin_054.mtx,32510,32510,1030878,99.90%,32,4001.86,0,0,0,0,0,0,0
./suiteSparse_dataset/lhr71/lhr71.mtx,70304,70304,1528092,99.96%,32,4569.65,0,0,0,0,0,0,0
./suiteSparse_dataset/psse0/psse0.mtx,26722,11028,102432,99.96%,32,1207.92,0,0,0,0,0,0,0
./suiteSparse_dataset/waveguide3D/waveguide3D.mtx,21036,21036,303468,99.93%,32,1859.49,0,0,0,0,0,0,0
./suiteSparse_dataset/hvdc1/hvdc1.mtx,24842,24842,159981,99.97%,32,1428.4,0,0,0,0,0,0,0
./suiteSparse_dataset/opt1/opt1.mtx,15449,15449,973052,99.59%,32,4252.85,0,0,0,0,0,0,0
./suiteSparse_dataset/ABACUS_shell_hd/ABACUS_shell_hd_K.mtx,23412,23412,216082,99.96%,32,1607.75,0,0,0,0,0,0,0
./suiteSparse_dataset/c-55/c-55.mtx,32780,32780,218115,99.97%,32,740.88,0,0,0,0,0,0,0
./suiteSparse_dataset/fe_rotor/fe_rotor.mtx,99617,99617,662431,99.99%,32,1623.61,0,0,0,0,0,0,0
./suiteSparse_dataset/t3dh/t3dh_E.mtx,79171,79171,2215638,99.96%,32,3176.09,0,0,0,0,0,0,0
./suiteSparse_dataset/mk12-b3/mk12-b3.mtx,51975,13860,207900,99.97%,32,1397.18,0,0,0,0,0,0,0
./suiteSparse_dataset/psse2/psse2.mtx,28634,11028,115262,99.96%,32,1263.84,0,0,0,0,0,0,0
./suiteSparse_dataset/bcsstk17/bcsstk17.mtx,10974,10974,219812,99.81%,32,1962.61,0,0,0,0,0,0,0
./suiteSparse_dataset/ACTIVSg10K/ACTIVSg10K.mtx,20000,20000,137736,99.96%,32,1179.25,0,0,0,0,0,0,0
./suiteSparse_dataset/c-68/c-68.mtx,64810,64810,315408,99.99%,32,1101.28,0,0,0,0,0,0,0
./suiteSparse_dataset/cage10/cage10.mtx,11397,11397,150645,99.88%,32,1345.04,0,0,0,0,0,0,0
./suiteSparse_dataset/c-57/c-57.mtx,37833,37833,221515,99.98%,32,1688.38,0,0,0,0,0,0,0
./suiteSparse_dataset/net4-1/net4-1.mtx,88343,88343,1265035,99.98%,32,1966.78,0,0,0,0,0,0,0
./suiteSparse_dataset/lowThrust_8/lowThrust_8.mtx,17702,17702,113139,99.96%,32,1219.17,0,0,0,0,0,0,0
./suiteSparse_dataset/vsp_barth5_1Ksep_50in_5Kout/vsp_barth5_1Ksep_50in_5Kout.mtx,32212,32212,101805,99.99%,32,871.62,0,0,0,0,0,0,0
./suiteSparse_dataset/g7jac120/g7jac120.mtx,35550,35550,475296,99.96%,32,2152.61,0,0,0,0,0,0,0
./suiteSparse_dataset/TSOPF_FS_b162_c1/TSOPF_FS_b162_c1.mtx,10798,10798,305732,99.73%,32,2895.19,0,0,0,0,0,0,0
./suiteSparse_dataset/ABACUS_shell_ld/ABACUS_shell_ld.mtx,23412,23412,218484,99.96%,32,1606.5,0,0,0,0,0,0,0
./suiteSparse_dataset/ABACUS_shell_ld/ABACUS_shell_ld_M.mtx,23412,23412,206474,99.96%,32,1554.77,0,0,0,0,0,0,0
./suiteSparse_dataset/sinc18/sinc18.mtx,16428,16428,973826,99.63%,32,2128.12,0,0,0,0,0,0,0
./suiteSparse_dataset/ckt11752_dc_1/ckt11752_dc_1.mtx,49702,49702,333029,99.98%,32,686.94,0,0,0,0,0,0,0
./suiteSparse_dataset/IG5-17/IG5-17.mtx,30162,27944,1035008,99.87%,32,1621.25,0,0,0,0,0,0,0
./suiteSparse_dataset/fome13/fome13.mtx,48568,97840,285056,99.99%,32,852.44,0,0,0,0,0,0,0
./suiteSparse_dataset/TSOPF_RS_b300_c3/TSOPF_RS_b300_c3.mtx,42138,42138,4413449,99.75%,32,6844.68,0,0,0,0,0,0,0
./suiteSparse_dataset/mark3jac100/mark3jac100.mtx,45769,45769,285215,99.98%,32,1497.98,0,0,0,0,0,0,0
./suiteSparse_dataset/Zd_Jac3/Zd_Jac3.mtx,22835,22835,1916152,99.63%,32,2817.87,0,0,0,0,0,0,0
./suiteSparse_dataset/jan99jac080/jan99jac080.mtx,27534,27534,171522,99.97%,32,1307.33,0,0,0,0,0,0,0
./suiteSparse_dataset/H2O/H2O.mtx,67024,67024,1141880,99.97%,32,2039.07,0,0,0,0,0,0,0
./suiteSparse_dataset/ted_AB/ted_AB.mtx,10605,10605,522387,99.53%,32,3169.82,0,0,0,0,0,0,0
./suiteSparse_dataset/scfxm1-2r/scfxm1-2r.mtx,37980,65943,221388,99.99%,32,1456.5,0,0,0,0,0,0,0
./suiteSparse_dataset/mark3jac120/mark3jac120.mtx,54929,54929,342475,99.98%,32,1539.91,0,0,0,0,0,0,0
./suiteSparse_dataset/Andrews/Andrews.mtx,60000,60000,410077,99.98%,32,1370.58,0,0,0,0,0,0,0
./suiteSparse_dataset/conf5_4-8x8-20/conf5_4-8x8-20.mtx,49152,49152,1916928,99.92%,32,3915.29,0,0,0,0,0,0,0
./suiteSparse_dataset/denormal/denormal.mtx,89400,89400,622812,99.99%,32,2263.12,0,0,0,0,0,0,0
./suiteSparse_dataset/poisson3Da/poisson3Da.mtx,13514,13514,352762,99.80%,32,1986.27,0,0,0,0,0,0,0
./suiteSparse_dataset/gas_sensor/gas_sensor.mtx,66917,66917,885141,99.98%,32,2119.59,0,0,0,0,0,0,0
./suiteSparse_dataset/thread/thread.mtx,29736,29736,2249892,99.74%,32,4017.66,0,0,0,0,0,0,0
./suiteSparse_dataset/TSOPF_FS_b300_c3/TSOPF_FS_b300_c3.mtx,84414,84414,6578753,99.90%,32,6557.77,0,0,0,0,0,0,0
./suiteSparse_dataset/bcsstk30/bcsstk30.mtx,28924,28924,1036208,99.87%,32,3026.31,0,0,0,0,0,0,0
./suiteSparse_dataset/mixtank_new/mixtank_new.mtx,29957,29957,1995041,99.77%,32,2997.36,0,0,0,0,0,0,0
./suiteSparse_dataset/c-53/c-53.mtx,30235,30235,201224,99.97%,32,1746.74,0,0,0,0,0,0,0
./suiteSparse_dataset/bcsstk36/bcsstk36.mtx,23052,23052,583096,99.89%,32,2760.87,0,0,0,0,0,0,0
./suiteSparse_dataset/vsp_model1_crew1_cr42_south31/vsp_model1_crew1_cr42_south31.mtx,45101,45101,189976,99.99%,32,1187.35,0,0,0,0,0,0,0
./suiteSparse_dataset/ted_AB_unscaled/ted_AB_unscaled.mtx,10605,10605,522387,99.53%,32,3109.45,0,0,0,0,0,0,0
./suiteSparse_dataset/bcsstk39/bcsstk39.mtx,46772,46772,1068033,99.95%,32,3178.67,0,0,0,0,0,0,0
./suiteSparse_dataset/brack2/brack2.mtx,62631,62631,366559,99.99%,32,1527.33,0,0,0,0,0,0,0
./suiteSparse_dataset/cz10228/cz10228.mtx,10228,10228,102876,99.90%,32,1089.79,0,0,0,0,0,0,0
./suiteSparse_dataset/vsp_sctap1-2b_and_seymourl/vsp_sctap1-2b_and_seymourl.mtx,40174,40174,140831,99.99%,32,615.52,0,0,0,0,0,0,0
./suiteSparse_dataset/cvxbqp1/cvxbqp1.mtx,50000,50000,199984,99.99%,32,1136.27,0,0,0,0,0,0,0
./suiteSparse_dataset/rgg_n_2_15_s0/rgg_n_2_15_s0.mtx,32768,32768,160240,99.98%,32,1236.42,0,0,0,0,0,0,0
./suiteSparse_dataset/pkustk11/pkustk11.mtx,87804,87804,2652858,99.96%,32,3947.71,0,0,0,0,0,0,0
./suiteSparse_dataset/ex19/ex19.mtx,12005,12005,259879,99.81%,32,1933.62,0,0,0,0,0,0,0
./suiteSparse_dataset/Ga3As3H12/Ga3As3H12.mtx,61349,61349,3016148,99.91%,32,3233.43,0,0,0,0,0,0,0
./suiteSparse_dataset/Goodwin_030/Goodwin_030.mtx,10142,10142,312814,99.69%,32,2443.86,0,0,0,0,0,0,0
./suiteSparse_dataset/c-61/c-61.mtx,43618,43618,176817,99.99%,32,650.06,0,0,0,0,0,0,0
./suiteSparse_dataset/lp_pds_10/lp_pds_10.mtx,16558,49932,107605,99.98%,32,672.53,0,0,0,0,0,0,0
./suiteSparse_dataset/g7jac060sc/g7jac060sc.mtx,17730,17730,203316,99.93%,32,1530.99,0,0,0,0,0,0,0
./suiteSparse_dataset/graphics/graphics.mtx,29493,11822,117954,99.96%,32,1316.45,0,0,0,0,0,0,0
./suiteSparse_dataset/windtunnel_evap3d/windtunnel_evap3d.mtx,40816,40816,2730600,99.83%,32,2509.74,0,0,0,0,0,0,0
./suiteSparse_dataset/water_tank/water_tank.mtx,60740,60740,2035281,99.94%,32,3338.72,0,0,0,0,0,0,0
./suiteSparse_dataset/conf6_0-8x8-20/conf6_0-8x8-20.mtx,49152,49152,1916928,99.92%,32,3915.29,0,0,0,0,0,0,0
./suiteSparse_dataset/sc205-2r/sc205-2r.mtx,35213,62423,123239,99.99%,32,1069.78,0,0,0,0,0,0,0
./suiteSparse_dataset/ct2010/ct2010.mtx,67578,67578,168176,99.99%,32,1083.61,0,0,0,0,0,0,0
./suiteSparse_dataset/Goodwin_040/Goodwin_040.mtx,17922,17922,561677,99.82%,32,3510.48,0,0,0,0,0,0,0
./suiteSparse_dataset/gupta2/gupta2.mtx,62064,62064,2155175,99.94%,32,3950.1,0,0,0,0,0,0,0
./suiteSparse_dataset/k49_norm_10NN/k49_norm_10NN.mtx,38547,38547,309079,99.97%,32,1246.29,0,0,0,0,0,0,0
./suiteSparse_dataset/ak2010/ak2010.mtx,45292,45292,108549,99.99%,32,706.7,0,0,0,0,0,0,0
./suiteSparse_dataset/ted_A_unscaled/ted_A_unscaled.mtx,10605,10605,424587,99.62%,32,2627.39,0,0,0,0,0,0,0
./suiteSparse_dataset/TSOPF_RS_b2383_c1/TSOPF_RS_b2383_c1.mtx,38120,38120,16171169,98.88%,32,5879.57,0,0,0,0,0,0,0
./suiteSparse_dataset/ship_001/ship_001.mtx,34920,34920,2339575,99.80%,32,4809.98,0,0,0,0,0,0,0
./suiteSparse_dataset/OPF_6000/OPF_6000.mtx,29902,29902,166160,99.98%,32,1314.56,0,0,0,0,0,0,0
./suiteSparse_dataset/dbir1/dbir1.mtx,18804,45775,1077025,99.87%,32,1447.61,0,0,0,0,0,0,0
./suiteSparse_dataset/ABACUS_shell_hd/ABACUS_shell_hd.mtx,23412,23412,218484,99.96%,32,1645.21,0,0,0,0,0,0,0
./suiteSparse_dataset/c-66/c-66.mtx,49989,49989,274498,99.98%,32,870.87,0,0,0,0,0,0,0
./suiteSparse_dataset/IG5-16/IG5-16.mtx,18846,18485,588326,99.83%,32,1513.18,0,0,0,0,0,0,0
./suiteSparse_dataset/g7jac080sc/g7jac080sc.mtx,23670,23670,293976,99.94%,32,1801.32,0,0,0,0,0,0,0
./suiteSparse_dataset/vfem/vfem.mtx,93476,93476,1434636,99.98%,32,2258.56,0,0,0,0,0,0,0
./suiteSparse_dataset/ch7-7-b5/ch7-7-b5.mtx,35280,52920,211680,99.98%,32,1392.63,0,0,0,0,0,0,0
./suiteSparse_dataset/t3dl_a/t3dl_a.mtx,20360,20360,265113,99.93%,32,1762.72,0,0,0,0,0,0,0
./suiteSparse_dataset/stokes128/stokes128.mtx,49666,49666,295938,99.98%,32,1608.36,0,0,0,0,0,0,0
./suiteSparse_dataset/venkat25/venkat25.mtx,62424,62424,1717792,99.95%,32,4858.01,0,0,0,0,0,0,0
./suiteSparse_dataset/g7jac140/g7jac140.mtx,41490,41490,565956,99.96%,32,2143.77,0,0,0,0,0,0,0
./suiteSparse_dataset/lpl1/lpl1.mtx,32460,32460,180248,99.98%,32,666.6,0,0,0,0,0,0,0
./suiteSparse_dataset/case39/case39_A_04.mtx,40216,40216,526144,99.96%,32,3461.47,0,0,0,0,0,0,0
./suiteSparse_dataset/crankseg_1/crankseg_1.mtx,52804,52804,5333507,99.80%,32,4616.96,0,0,0,0,0,0,0
./suiteSparse_dataset/pkustk06/pkustk06.mtx,43164,43164,1307466,99.92%,32,3648.06,0,0,0,0,0,0,0
./suiteSparse_dataset/ncvxqp3/ncvxqp3.mtx,75000,75000,274982,99.99%,32,1123.29,0,0,0,0,0,0,0
./suiteSparse_dataset/uni_chimera_i2/uni_chimera_i2_A_11.mtx,100000,100000,448987,99.99%,32,1293.17,0,0,0,0,0,0,0
./suiteSparse_dataset/Dubcova1/Dubcova1.mtx,16129,16129,134569,99.94%,32,1255.31,0,0,0,0,0,0,0
./suiteSparse_dataset/uni_chimera_i2/uni_chimera_i2_A_15.mtx,100000,100000,448987,99.99%,32,1287.23,0,0,0,0,0,0,0
./suiteSparse_dataset/uni_chimera_i2/uni_chimera_i2_A_06.mtx,100000,100000,448987,99.99%,32,1281.36,0,0,0,0,0,0,0
./suiteSparse_dataset/uni_chimera_i2/uni_chimera_i2_A_09.mtx,100000,100000,448987,99.99%,32,1293.17,0,0,0,0,0,0,0
./suiteSparse_dataset/tube2/tube2.mtx,21498,21498,459277,99.90%,32,3154.37,0,0,0,0,0,0,0
./suiteSparse_dataset/uni_chimera_i2/uni_chimera_i2_A_01.mtx,100000,100000,448987,99.99%,32,1281.36,0,0,0,0,0,0,0
./suiteSparse_dataset/uni_chimera_i2/uni_chimera_i2_A_03.mtx,100000,100000,448987,99.99%,32,1281.36,0,0,0,0,0,0,0
./suiteSparse_dataset/2D_27628_bjtcai/2D_27628_bjtcai.mtx,27628,27628,442898,99.94%,32,2386.3,0,0,0,0,0,0,0
./suiteSparse_dataset/pkustk01/pkustk01.mtx,22044,22044,500712,99.89%,32,2980.43,0,0,0,0,0,0,0
./suiteSparse_dataset/me2010/me2010.mtx,69518,69518,167738,99.99%,32,1069.76,0,0,0,0,0,0,0
./suiteSparse_dataset/igbt3/igbt3.mtx,10938,10938,234006,99.80%,32,1851.31,0,0,0,0,0,0,0
./suiteSparse_dataset/uni_chimera_i2/uni_chimera_i2_A_22.mtx,100000,100000,448987,99.99%,32,1287.23,0,0,0,0,0,0,0
./suiteSparse_dataset/c-67b/c-67b.mtx,57975,57975,294955,99.99%,32,1631.39,0,0,0,0,0,0,0
./suiteSparse_dataset/c-47/c-47.mtx,15343,15343,113372,99.95%,32,1042.02,0,0,0,0,0,0,0
./suiteSparse_dataset/uni_chimera_i2/uni_chimera_i2.mtx,100000,100000,448987,99.99%,32,1287.23,0,0,0,0,0,0,0
./suiteSparse_dataset/rma10/rma10.mtx,46835,46835,2374001,99.89%,32,4376.85,0,0,0,0,0,0,0
./suiteSparse_dataset/uni_chimera_i2/uni_chimera_i2_A_17.mtx,100000,100000,448987,99.99%,32,1287.23,0,0,0,0,0,0,0
./suiteSparse_dataset/uni_chimera_i2/uni_chimera_i2_A_10.mtx,100000,100000,448987,99.99%,32,1281.36,0,0,0,0,0,0,0
./suiteSparse_dataset/uni_chimera_i2/uni_chimera_i2_A_14.mtx,100000,100000,448987,99.99%,32,1293.17,0,0,0,0,0,0,0
./suiteSparse_dataset/Zd_Jac6/Zd_Jac6.mtx,22835,22835,1711983,99.67%,32,2674.97,0,0,0,0,0,0,0
./suiteSparse_dataset/t3dl/t3dl.mtx,20360,20360,265113,99.93%,32,1762.72,0,0,0,0,0,0,0
./suiteSparse_dataset/ncvxqp7/ncvxqp7.mtx,87500,87500,312481,99.99%,32,1284.87,0,0,0,0,0,0,0
./suiteSparse_dataset/poisson3Db/poisson3Db.mtx,85623,85623,2374949,99.96%,32,2344.93,0,0,0,0,0,0,0
./suiteSparse_dataset/case39/case39_A_11.mtx,40216,40216,526144,99.96%,32,3498.3,0,0,0,0,0,0,0
./suiteSparse_dataset/case39/case39_A_07.mtx,40216,40216,526144,99.96%,32,3498.3,0,0,0,0,0,0,0
./suiteSparse_dataset/bcsstk37/bcsstk37.mtx,25503,25503,583240,99.91%,32,2740.79,0,0,0,0,0,0,0
./suiteSparse_dataset/pkustk05/pkustk05.mtx,37164,37164,1121154,99.91%,32,3829.08,0,0,0,0,0,0,0
./suiteSparse_dataset/case39/case39.mtx,40216,40216,526139,99.96%,32,3425.38,0,0,0,0,0,0,0
./suiteSparse_dataset/case39/case39_A_06.mtx,40216,40216,526144,99.96%,32,3461.47,0,0,0,0,0,0,0
./suiteSparse_dataset/case39/case39_A_09.mtx,40216,40216,526144,99.96%,32,3425.42,0,0,0,0,0,0,0
./suiteSparse_dataset/pltexpa/pltexpa_A_4.mtx,28350,74172,150801,99.99%,32,1095.94,0,0,0,0,0,0,0
./suiteSparse_dataset/case39/case39_A_13.mtx,40216,40216,526144,99.96%,32,3498.3,0,0,0,0,0,0,0
./suiteSparse_dataset/uni_chimera_i2/uni_chimera_i2_A_13.mtx,100000,100000,448987,99.99%,32,1293.17,0,0,0,0,0,0,0
./suiteSparse_dataset/mark3jac040sc/mark3jac040sc.mtx,18289,18289,113435,99.96%,32,1162.24,0,0,0,0,0,0,0
./suiteSparse_dataset/g7jac060/g7jac060.mtx,17730,17730,203316,99.93%,32,1512.77,0,0,0,0,0,0,0
./suiteSparse_dataset/case39/case39_A_12.mtx,40216,40216,526144,99.96%,32,3498.3,0,0,0,0,0,0,0
./suiteSparse_dataset/ckt11752_tr_0/ckt11752_tr_0.mtx,49702,49702,333029,99.98%,32,682.44,0,0,0,0,0,0,0
./suiteSparse_dataset/208bit/208bit.mtx,24430,24421,299756,99.94%,32,1441.13,0,0,0,0,0,0,0
./suiteSparse_dataset/conf5_4-8x8-15/conf5_4-8x8-15.mtx,49152,49152,1916928,99.92%,32,3928.13,0,0,0,0,0,0,0
./suiteSparse_dataset/fxm4_6/fxm4_6.mtx,22400,47185,265442,99.97%,32,1536.12,0,0,0,0,0,0,0
./suiteSparse_dataset/uni_chimera_i2/uni_chimera_i2_A_24.mtx,100000,100000,448987,99.99%,32,1293.17,0,0,0,0,0,0,0
./suiteSparse_dataset/TSOPF_RS_b39_c19/TSOPF_RS_b39_c19.mtx,38098,38098,684206,99.95%,32,3996.53,0,0,0,0,0,0,0
./suiteSparse_dataset/192bit/192bit.mtx,13691,13682,154303,99.91%,32,1095.9,0,0,0,0,0,0,0
./suiteSparse_dataset/juba40k/juba40k.mtx,40337,40337,144945,99.99%,32,1161.42,0,0,0,0,0,0,0
./suiteSparse_dataset/mk12-b4/mk12-b4.mtx,62370,51975,311850,99.99%,32,1433.13,0,0,0,0,0,0,0
./suiteSparse_dataset/g7jac100sc/g7jac100sc.mtx,29610,29610,384636,99.95%,32,1970.47,0,0,0,0,0,0,0
./suiteSparse_dataset/bcsstk32/bcsstk32.mtx,44609,44609,1029655,99.94%,32,3093.92,0,0,0,0,0,0,0
./suiteSparse_dataset/GaAsH6/GaAsH6.mtx,61349,61349,1721579,99.95%,32,1945.73,0,0,0,0,0,0,0
./suiteSparse_dataset/cit-HepPh/cit-HepPh.mtx,34546,34546,421578,99.96%,32,1455.73,0,0,0,0,0,0,0
./suiteSparse_dataset/bcircuit/bcircuit.mtx,68902,68902,375558,99.99%,32,1448.91,0,0,0,0,0,0,0
./suiteSparse_dataset/Chevron1/Chevron1.mtx,37365,37365,330633,99.97%,32,1968.05,0,0,0,0,0,0,0
./suiteSparse_dataset/ABACUS_shell_md/ABACUS_shell_md_M.mtx,23412,23412,206474,99.96%,32,1554.77,0,0,0,0,0,0,0
./suiteSparse_dataset/windscreen/windscreen_M.mtx,22692,22692,752340,99.85%,32,2976.03,0,0,0,0,0,0,0
./suiteSparse_dataset/viscoplastic2/viscoplastic2_C_1.mtx,32769,32769,381326,99.96%,32,1471.17,0,0,0,0,0,0,0
./suiteSparse_dataset/TSOPF_FS_b300/TSOPF_FS_b300.mtx,29214,29214,2203949,99.74%,32,5886.62,0,0,0,0,0,0,0
./suiteSparse_dataset/ABACUS_shell_md/ABACUS_shell_md.mtx,23412,23412,218484,99.96%,32,1587.82,0,0,0,0,0,0,0
./suiteSparse_dataset/ABACUS_shell_ld/ABACUS_shell_ld_K.mtx,23412,23412,216082,99.96%,32,1607.75,0,0,0,0,0,0,0
./suiteSparse_dataset/uni_chimera_i2/uni_chimera_i2_A_18.mtx,100000,100000,448987,99.99%,32,1287.23,0,0,0,0,0,0,0
./suiteSparse_dataset/preferentialAttachment/preferentialAttachment.mtx,100000,100000,499985,99.99%,32,1370.57,0,0,0,0,0,0,0
./suiteSparse_dataset/raefsky3/raefsky3.mtx,21200,21200,1488768,99.66%,32,7626.89,0,0,0,0,0,0,0
./suiteSparse_dataset/worms20_10NN/worms20_10NN.mtx,20055,20055,120413,99.97%,32,1194.57,0,0,0,0,0,0,0
./suiteSparse_dataset/F2/F2.mtx,71505,71505,2682895,99.94%,32,3964.09,0,0,0,0,0,0,0
./suiteSparse_dataset/pli/pli.mtx,22695,22695,686502,99.86%,32,2523.9,0,0,0,0,0,0,0
./suiteSparse_dataset/ted_A/ted_A.mtx,10605,10605,424587,99.62%,32,2653.67,0,0,0,0,0,0,0
./suiteSparse_dataset/TSOPF_FS_b300_c1/TSOPF_FS_b300_c1.mtx,29214,29214,2203949,99.74%,32,5861.57,0,0,0,0,0,0,0
./suiteSparse_dataset/ch7-8-b3/ch7-8-b3.mtx,58800,11760,235200,99.96%,32,1386.79,0,0,0,0,0,0,0
./suiteSparse_dataset/viscoplastic2/viscoplastic2_C_6.mtx,32769,32769,381326,99.96%,32,1527.75,0,0,0,0,0,0,0
./suiteSparse_dataset/HEP-th-new/HEP-th-new.mtx,27770,27770,352807,99.95%,32,1328.34,0,0,0,0,0,0,0
./suiteSparse_dataset/case39/case39_A_01.mtx,40216,40216,526139,99.96%,32,3461.44,0,0,0,0,0,0,0
./suiteSparse_dataset/olesnik0/olesnik0.mtx,88263,88263,402623,99.99%,32,1700.27,0,0,0,0,0,0,0
./suiteSparse_dataset/viscoplastic2/viscoplastic2.mtx,32769,32769,381326,99.96%,32,1498.92,0,0,0,0,0,0,0
./suiteSparse_dataset/case39/case39_A_05.mtx,40216,40216,526144,99.96%,32,3498.3,0,0,0,0,0,0,0
./suiteSparse_dataset/std1_Jac3_db/std1_Jac3_db.mtx,21982,21982,531826,99.88%,32,2638.03,0,0,0,0,0,0,0
./suiteSparse_dataset/lhr14/lhr14.mtx,14270,14270,307858,99.84%,32,2346.48,0,0,0,0,0,0,0
./suiteSparse_dataset/ABACUS_shell_ud/ABACUS_shell_ud_K.mtx,23412,23412,216082,99.96%,32,1627.12,0,0,0,0,0,0,0
./suiteSparse_dataset/FEM_3D_thermal1/FEM_3D_thermal1.mtx,17880,17880,430740,99.86%,32,2320.8,0,0,0,0,0,0,0
./suiteSparse_dataset/gyro_m/gyro_m.mtx,17361,17361,178896,99.94%,32,1510.95,0,0,0,0,0,0,0
./suiteSparse_dataset/c-71/c-71.mtx,76638,76638,468096,99.99%,32,786.45,0,0,0,0,0,0,0
./suiteSparse_dataset/cond-mat-2003/cond-mat-2003.mtx,31163,31163,120029,99.98%,32,1000.24,0,0,0,0,0,0,0
./suiteSparse_dataset/deltaX/deltaX.mtx,68600,21961,247424,99.98%,32,1081.4,0,0,0,0,0,0,0
./suiteSparse_dataset/uni_chimera_i2/uni_chimera_i2_A_19.mtx,100000,100000,448987,99.99%,32,1293.17,0,0,0,0,0,0,0
./suiteSparse_dataset/jan99jac100/jan99jac100.mtx,34454,34454,215862,99.98%,32,1390.86,0,0,0,0,0,0,0
./suiteSparse_dataset/std1_Jac2_db/std1_Jac2_db.mtx,21982,21982,498771,99.89%,32,2886.41,0,0,0,0,0,0,0
./suiteSparse_dataset/apache1/apache1.mtx,80800,80800,311492,99.99%,32,1361.42,0,0,0,0,0,0,0
./suiteSparse_dataset/std1_Jac3/std1_Jac3.mtx,21982,21982,1455848,99.69%,32,2303.56,0,0,0,0,0,0,0
./suiteSparse_dataset/jan99jac080sc/jan99jac080sc.mtx,27534,27534,171522,99.97%,32,1307.33,0,0,0,0,0,0,0
./suiteSparse_dataset/Franz11/Franz11.mtx,47104,30144,329728,99.97%,32,1648.64,0,0,0,0,0,0,0
./suiteSparse_dataset/shyy161/shyy161.mtx,76480,76480,329762,99.99%,32,1402.05,0,0,0,0,0,0,0
./suiteSparse_dataset/pdb1HYS/pdb1HYS.mtx,36417,36417,2190591,99.83%,32,4318.99,0,0,0,0,0,0,0
./suiteSparse_dataset/c-64/c-64.mtx,51035,51035,384438,99.98%,32,2145.3,0,0,0,0,0,0,0
./suiteSparse_dataset/lhr71c/lhr71c.mtx,70304,70304,1528092,99.96%,32,4569.65,0,0,0,0,0,0,0
./suiteSparse_dataset/onetone2/onetone2.mtx,36057,36057,227628,99.98%,32,1408.59,0,0,0,0,0,0,0
./suiteSparse_dataset/TSOPF_RS_b2383/TSOPF_RS_b2383.mtx,38120,38120,16171169,98.88%,32,5931.33,0,0,0,0,0,0,0
./suiteSparse_dataset/ifiss_mat/ifiss_mat.mtx,96307,96307,3599932,99.96%,32,2918.23,0,0,0,0,0,0,0
./suiteSparse_dataset/fxm3_16/fxm3_16.mtx,41340,85575,392252,99.98%,32,2042.98,0,0,0,0,0,0,0
./suiteSparse_dataset/net50/net50.mtx,16320,16320,480760,99.81%,32,1889.78,0,0,0,0,0,0,0
./suiteSparse_dataset/uni_chimera_i2/uni_chimera_i2_A_20.mtx,100000,100000,448987,99.99%,32,1281.36,0,0,0,0,0,0,0
./suiteSparse_dataset/mark3jac040/mark3jac040.mtx,18289,18289,113435,99.96%,32,1125.35,0,0,0,0,0,0,0
./suiteSparse_dataset/pkustk13/pkustk13.mtx,94893,94893,3355860,99.96%,32,3820.42,0,0,0,0,0,0,0
./suiteSparse_dataset/Zd_Jac3_db/Zd_Jac3_db.mtx,22835,22835,713907,99.86%,32,3541.21,0,0,0,0,0,0,0
./suiteSparse_dataset/uni_chimera_i2/uni_chimera_i2_A_07.mtx,100000,100000,448987,99.99%,32,1281.36,0,0,0,0,0,0,0
./suiteSparse_dataset/wiki-RfA/wiki-RfA_Positive.mtx,11380,11380,139326,99.89%,32,845.42,0,0,0,0,0,0,0
./suiteSparse_dataset/uni_chimera_i2/uni_chimera_i2_A_12.mtx,100000,100000,448987,99.99%,32,1293.17,0,0,0,0,0,0,0
./suiteSparse_dataset/pattern1/pattern1.mtx,19242,19242,4671337,98.73%,32,3129.25,0,0,0,0,0,0,0
./suiteSparse_dataset/Zd_Jac2_db/Zd_Jac2_db.mtx,22835,22835,676439,99.87%,32,3437.19,0,0,0,0,0,0,0
./suiteSparse_dataset/viscoplastic2/viscoplastic2_C_2.mtx,32769,32769,381326,99.96%,32,1498.92,0,0,0,0,0,0,0
./suiteSparse_dataset/g7jac040/g7jac040.mtx,11790,11790,114671,99.91%,32,1174.91,0,0,0,0,0,0,0
./suiteSparse_dataset/xenon1/xenon1.mtx,48600,48600,1181120,99.94%,32,3355.45,0,0,0,0,0,0,0
./suiteSparse_dataset/ex11/ex11.mtx,16614,16614,1096948,99.60%,32,3427.96,0,0,0,0,0,0,0
./suiteSparse_dataset/skirt/skirt.mtx,12598,12598,104559,99.93%,32,1233.01,0,0,0,0,0,0,0
./suiteSparse_dataset/Zhao2/Zhao2.mtx,33861,33861,166453,99.98%,32,1238.49,0,0,0,0,0,0,0
./suiteSparse_dataset/ABACUS_shell_ud/ABACUS_shell_ud.mtx,23412,23412,218484,99.96%,32,1625.62,0,0,0,0,0,0,0
./suiteSparse_dataset/gyro_k/gyro_k.mtx,17361,17361,519260,99.82%,32,3181.74,0,0,0,0,0,0,0
./suiteSparse_dataset/pcrystk02/pcrystk02.mtx,13965,13965,491274,99.74%,32,2791.33,0,0,0,0,0,0,0
./suiteSparse_dataset/TSOPF_FS_b300_c2/TSOPF_FS_b300_c2.mtx,56814,56814,4391071,99.86%,32,6195.08,0,0,0,0,0,0,0
./suiteSparse_dataset/cbuckle/cbuckle.mtx,13681,13681,345098,99.81%,32,2450.98,0,0,0,0,0,0,0
./suiteSparse_dataset/cage11/cage11.mtx,39082,39082,559722,99.96%,32,1706.47,0,0,0,0,0,0,0
./suiteSparse_dataset/ABACUS_shell_ud/ABACUS_shell_ud_M.mtx,23412,23412,206474,99.96%,32,1554.77,0,0,0,0,0,0,0
./suiteSparse_dataset/scfxm1-2r/scfxm1-2r_A_8.mtx,19036,33047,111052,99.98%,32,1119.48,0,0,0,0,0,0,0
./suiteSparse_dataset/scfxm1-2b/scfxm1-2b.mtx,19036,33047,111052,99.98%,32,1101.71,0,0,0,0,0,0,0
./suiteSparse_dataset/consph/consph.mtx,83334,83334,3046907,99.95%,32,3801.03,0,0,0,0,0,0,0
./suiteSparse_dataset/nd12k/nd12k.mtx,36000,36000,7128473,99.44%,32,3657.88,0,0,0,0,0,0,0
./suiteSparse_dataset/trdheim/trdheim.mtx,22098,22098,978711,99.79%,32,3871.48,0,0,0,0,0,0,0
./suiteSparse_dataset/crystm03/crystm03.mtx,24696,24696,304233,99.95%,32,1793.83,0,0,0,0,0,0,0
./suiteSparse_dataset/nv1/nv1.mtx,75468,75468,2449194,99.95%,32,2380.63,0,0,0,0,0,0,0
./suiteSparse_dataset/wiki-RfA/wiki-RfA.mtx,11380,11380,188077,99.85%,32,925.58,0,0,0,0,0,0,0
./suiteSparse_dataset/n4c6-b12/n4c6-b12.mtx,25605,69235,332865,99.98%,32,1377.75,0,0,0,0,0,0,0
./suiteSparse_dataset/cit-HepTh/cit-HepTh.mtx,27770,27770,352807,99.95%,32,1344.54,0,0,0,0,0,0,0
./suiteSparse_dataset/TEM27623/TEM27623.mtx,27623,27623,233546,99.96%,32,1621.85,0,0,0,0,0,0,0
./suiteSparse_dataset/OPF_10000/OPF_10000.mtx,43887,43887,255799,99.98%,32,1390.21,0,0,0,0,0,0,0
./suiteSparse_dataset/chipcool0/chipcool0.mtx,20082,20082,281150,99.93%,32,1706.01,0,0,0,0,0,0,0
./suiteSparse_dataset/cz20468/cz20468.mtx,20468,20468,206076,99.95%,32,1590.09,0,0,0,0,0,0,0
./suiteSparse_dataset/uni_chimera_i2/uni_chimera_i2_A_05.mtx,100000,100000,448987,99.99%,32,1293.17,0,0,0,0,0,0,0
./suiteSparse_dataset/ABACUS_shell_md/ABACUS_shell_md_K.mtx,23412,23412,216082,99.96%,32,1627.12,0,0,0,0,0,0,0
./suiteSparse_dataset/uni_chimera_i2/uni_chimera_i2_A_23.mtx,100000,100000,448987,99.99%,32,1293.17,0,0,0,0,0,0,0
./suiteSparse_dataset/c-59/c-59.mtx,41282,41282,260909,99.98%,32,840.56,0,0,0,0,0,0,0
./suiteSparse_dataset/nv2010/nv2010.mtx,84538,84538,208499,99.99%,32,1059.45,0,0,0,0,0,0,0
./suiteSparse_dataset/m_t1/m_t1.mtx,97578,97578,4925574,99.94%,32,4765.45,0,0,0,0,0,0,0
./suiteSparse_dataset/sctap1-2r/sctap1-2r.mtx,28830,63426,186366,99.98%,32,1354.4,0,0,0,0,0,0,0
./suiteSparse_dataset/lhr10/lhr10.mtx,10672,10672,232633,99.79%,32,1864.05,0,0,0,0,0,0,0
./suiteSparse_dataset/p010/p010.mtx,10090,19090,118000,99.93%,32,412.01,0,0,0,0,0,0,0
./suiteSparse_dataset/ncvxbqp1/ncvxbqp1.mtx,50000,50000,199984,99.99%,32,1136.27,0,0,0,0,0,0,0
./suiteSparse_dataset/RFdevice/RFdevice.mtx,74104,74104,365580,99.99%,32,1221.86,0,0,0,0,0,0,0
./suiteSparse_dataset/bcsstk31/bcsstk31.mtx,35588,35588,608502,99.95%,32,2697.26,0,0,0,0,0,0,0
./suiteSparse_dataset/vsp_c-60_data_cti_cs4/vsp_c-60_data_cti_cs4.mtx,85830,85830,241080,99.99%,32,935.87,0,0,0,0,0,0,0
./suiteSparse_dataset/TSOPF_RS_b678_c1/TSOPF_RS_b678_c1.mtx,18696,18696,4396289,98.74%,32,8202.03,0,0,0,0,0,0,0
./suiteSparse_dataset/venkat50/venkat50.mtx,62424,62424,1717792,99.95%,32,4858.01,0,0,0,0,0,0,0
./suiteSparse_dataset/case39/case39_A_10.mtx,40216,40216,526144,99.96%,32,3535.91,0,0,0,0,0,0,0
./suiteSparse_dataset/lowThrust_9/lowThrust_9.mtx,18044,18044,114806,99.96%,32,1237.13,0,0,0,0,0,0,0
./suiteSparse_dataset/helm3d01/helm3d01.mtx,32226,32226,230335,99.97%,32,1468.97,0,0,0,0,0,0,0
./suiteSparse_dataset/scfxm1-2b/scfxm1-2b_A_3.mtx,19036,33047,111052,99.98%,32,1119.48,0,0,0,0,0,0,0
./suiteSparse_dataset/viscoplastic2/viscoplastic2_C_3.mtx,32769,32769,381326,99.96%,32,1453.22,0,0,0,0,0,0,0
./suiteSparse_dataset/e18/e18.mtx,24617,38602,156466,99.98%,32,1286.73,0,0,0,0,0,0,0
./suiteSparse_dataset/Zd_Jac2/Zd_Jac2.mtx,22835,22835,1642833,99.68%,32,2573.36,0,0,0,0,0,0,0
./suiteSparse_dataset/mario001/mario001.mtx,38434,38434,114643,99.99%,32,995.16,0,0,0,0,0,0,0
./suiteSparse_dataset/cat_ears_4_4/cat_ears_4_4.mtx,19020,44448,132888,99.98%,32,965.76,0,0,0,0,0,0,0
./suiteSparse_dataset/jan99jac100sc/jan99jac100sc.mtx,34454,34454,215862,99.98%,32,1390.86,0,0,0,0,0,0,0
./suiteSparse_dataset/lowThrust_5/lowThrust_5.mtx,16262,16262,103701,99.96%,32,1178.42,0,0,0,0,0,0,0
./suiteSparse_dataset/bcsstk35/bcsstk35.mtx,30237,30237,740200,99.91%,32,2584.5,0,0,0,0,0,0,0
./suiteSparse_dataset/t3dh_a/t3dh_a.mtx,79171,79171,2215638,99.96%,32,3190.72,0,0,0,0,0,0,0
./suiteSparse_dataset/nsct/nsct_A_1.mtx,22901,37461,678739,99.92%,32,2772.63,0,0,0,0,0,0,0
./suiteSparse_dataset/dbir2/dbir2.mtx,18906,45877,1158159,99.86%,32,1604.99,0,0,0,0,0,0,0
./suiteSparse_dataset/TSOPF_RS_b39_c30/TSOPF_RS_b39_c30.mtx,60098,60098,1079986,99.97%,32,4192.49,0,0,0,0,0,0,0
./suiteSparse_dataset/net125/net125.mtx,36720,36720,1306960,99.90%,32,2643.53,0,0,0,0,0,0,0
./suiteSparse_dataset/TSOPF_RS_b300_c1/TSOPF_RS_b300_c1.mtx,14538,14538,1474325,99.30%,32,6184.25,0,0,0,0,0,0,0
./suiteSparse_dataset/pfinan512/pfinan512.mtx,74752,74752,335872,99.99%,32,1381.05,0,0,0,0,0,0,0
./suiteSparse_dataset/c-50/c-50.mtx,22401,22401,108013,99.97%,32,636.87,0,0,0,0,0,0,0
./suiteSparse_dataset/uni_chimera_i2/uni_chimera_i2_A_21.mtx,100000,100000,448987,99.99%,32,1293.17,0,0,0,0,0,0,0
./suiteSparse_dataset/ns3Da/ns3Da.mtx,20414,20414,1679599,99.59%,32,3016.52,0,0,0,0,0,0,0
./suiteSparse_dataset/c-64b/c-64b.mtx,51035,51035,384438,99.98%,32,2145.3,0,0,0,0,0,0,0
./suiteSparse_dataset/mark3jac080/mark3jac080.mtx,36609,36609,227955,99.98%,32,1548.61,0,0,0,0,0,0,0
./suiteSparse_dataset/ABACUS_shell_hd/ABACUS_shell_hd_M.mtx,23412,23412,206474,99.96%,32,1554.77,0,0,0,0,0,0,0
./suiteSparse_dataset/raefsky4/raefsky4.mtx,19779,19779,674195,99.82%,32,3168.21,0,0,0,0,0,0,0
./suiteSparse_dataset/nsct/nsct.mtx,23003,37563,697738,99.91%,32,2535.39,0,0,0,0,0,0,0
./suiteSparse_dataset/TSOPF_FS_b39_c7/TSOPF_FS_b39_c7.mtx,28216,28216,368599,99.95%,32,2991.88,0,0,0,0,0,0,0
./suiteSparse_dataset/cond-mat-2005/cond-mat-2005.mtx,40421,40421,175693,99.98%,32,1180.73,0,0,0,0,0,0,0
./suiteSparse_dataset/Si10H16/Si10H16.mtx,17077,17077,446500,99.84%,32,2345.06,0,0,0,0,0,0,0
./suiteSparse_dataset/c-67/c-67.mtx,57975,57975,294955,99.99%,32,1645.95,0,0,0,0,0,0,0
./suiteSparse_dataset/gupta1/gupta1.mtx,31802,31802,1098006,99.89%,32,3899.17,0,0,0,0,0,0,0
./suiteSparse_dataset/msc10848/msc10848.mtx,10848,10848,620313,99.47%,32,3005.39,0,0,0,0,0,0,0
./suiteSparse_dataset/mouse_gene/mouse_gene.mtx,45101,45101,14506196,99.28%,32,1959.87,0,0,0,0,0,0,0
./suiteSparse_dataset/garon2/garon2.mtx,13535,13535,390607,99.78%,32,2281.58,0,0,0,0,0,0,0
./suiteSparse_dataset/viscoplastic2/viscoplastic2_C_7.mtx,32769,32769,381326,99.96%,32,1537.6,0,0,0,0,0,0,0
./suiteSparse_dataset/Trefethen_20000b/Trefethen_20000b.mtx,19999,19999,287217,99.92%,32,1588.59,0,0,0,0,0,0,0
./suiteSparse_dataset/c-62/c-62.mtx,41731,41731,300537,99.98%,32,706.15,0,0,0,0,0,0,0
./suiteSparse_dataset/olafu/olafu.mtx,16146,16146,515651,99.80%,32,3392.44,0,0,0,0,0,0,0
./suiteSparse_dataset/sme3Db/sme3Db.mtx,29067,29067,2081063,99.75%,32,3074.86,0,0,0,0,0,0,0
./suiteSparse_dataset/uni_chimera_i2/uni_chimera_i2_A_16.mtx,100000,100000,448987,99.99%,32,1305.19,0,0,0,0,0,0,0
./suiteSparse_dataset/g7jac040sc/g7jac040sc.mtx,11790,11790,114671,99.91%,32,1174.91,0,0,0,0,0,0,0
./suiteSparse_dataset/Zd_Jac6_db/Zd_Jac6_db.mtx,22835,22835,663643,99.87%,32,3344.97,0,0,0,0,0,0,0
./suiteSparse_dataset/t3dh/t3dh.mtx,79171,79171,2215638,99.96%,32,3183.39,0,0,0,0,0,0,0
./suiteSparse_dataset/mark3jac140/mark3jac140.mtx,64089,64089,399735,99.99%,32,1688.07,0,0,0,0,0,0,0
./suiteSparse_dataset/bcsstm36/bcsstm36.mtx,23052,23052,166389,99.96%,32,1552.14,0,0,0,0,0,0,0
./suiteSparse_dataset/uni_chimera_i2/uni_chimera_i2_A_02.mtx,100000,100000,448987,99.99%,32,1287.23,0,0,0,0,0,0,0
./suiteSparse_dataset/lowThrust_10/lowThrust_10.mtx,18260,18260,116074,99.96%,32,1209.1,0,0,0,0,0,0,0
./suiteSparse_dataset/pwt/pwt.mtx,36519,36519,181313,99.98%,32,1365.31,0,0,0,0,0,0,0
./suiteSparse_dataset/mycielskian15/mycielskian15.mtx,24575,24575,5555555,99.08%,32,1587.66,0,0,0,0,0,0,0
./suiteSparse_dataset/sd2010/sd2010.mtx,88360,88360,205361,99.99%,32,1116.09,0,0,0,0,0,0,0
./suiteSparse_dataset/scfxm1-2r/scfxm1-2r_A_9.mtx,37980,65943,221388,99.99%,32,1456.5,0,0,0,0,0,0,0
./suiteSparse_dataset/Goodwin_071/Goodwin_071.mtx,56021,56021,1797934,99.94%,32,3901.77,0,0,0,0,0,0,0
./suiteSparse_dataset/mycielskian16/mycielskian16.mtx,49151,49151,16691240,99.30%,32,1373.36,0,0,0,0,0,0,0
./suiteSparse_dataset/2D_54019_highK/2D_54019_highK.mtx,54019,54019,996414,99.96%,32,2830.72,0,0,0,0,0,0,0
./suiteSparse_dataset/pkustk09/pkustk09.mtx,33960,33960,808800,99.92%,32,3716.91,0,0,0,0,0,0,0
./suiteSparse_dataset/c-52/c-52.mtx,23948,23948,113332,99.98%,32,615.93,0,0,0,0,0,0,0
./suiteSparse_dataset/lhr17/lhr17.mtx,17576,17576,381975,99.87%,32,2775.98,0,0,0,0,0,0,0
./suiteSparse_dataset/av41092/av41092.mtx,41092,41092,1683902,99.90%,32,1876,0,0,0,0,0,0,0
./suiteSparse_dataset/conf6_0-8x8-80/conf6_0-8x8-80.mtx,49152,49152,1916928,99.92%,32,3928.13,0,0,0,0,0,0,0
./suiteSparse_dataset/gyro/gyro.mtx,17361,17361,519260,99.82%,32,3278.16,0,0,0,0,0,0,0
./suiteSparse_dataset/rajat22/rajat22.mtx,39899,39899,197264,99.98%,32,458.33,0,0,0,0,0,0,0
./suiteSparse_dataset/vanbody/vanbody.mtx,47072,47072,1191985,99.94%,32,3465.07,0,0,0,0,0,0,0
./suiteSparse_dataset/nsct/nsct_A_2.mtx,23003,37563,697738,99.91%,32,2535.39,0,0,0,0,0,0,0
./suiteSparse_dataset/EAT_SR/EAT_SR.mtx,23219,23219,325589,99.93%,32,1384.31,0,0,0,0,0,0,0
./suiteSparse_dataset/SiO/SiO.mtx,33401,33401,675528,99.93%,32,1773.97,0,0,0,0,0,0,0
./suiteSparse_dataset/windscreen/windscreen.mtx,22692,22692,752541,99.85%,32,3054.14,0,0,0,0,0,0,0
./suiteSparse_dataset/bauru5727/bauru5727.mtx,40366,40366,145019,99.99%,32,1132.96,0,0,0,0,0,0,0
./suiteSparse_dataset/bundle1/bundle1.mtx,10581,10581,390741,99.65%,32,3171.6,0,0,0,0,0,0,0
./suiteSparse_dataset/flower_7_4/flower_7_4.mtx,27693,67593,202218,99.98%,32,1159.51,0,0,0,0,0,0,0
./suiteSparse_dataset/g7jac200sc/g7jac200sc.mtx,59310,59310,837936,99.97%,32,2424.58,0,0,0,0,0,0,0
./suiteSparse_dataset/std1_Jac2/std1_Jac2.mtx,21982,21982,1248731,99.74%,32,2542.2,0,0,0,0,0,0,0
./suiteSparse_dataset/scagr7-2r/scagr7-2r.mtx,32847,46679,120141,99.99%,32,1088.23,0,0,0,0,0,0,0
./suiteSparse_dataset/sparsine/sparsine.mtx,50000,50000,799494,99.96%,32,1547.01,0,0,0,0,0,0,0
./suiteSparse_dataset/sctap1-2r/sctap1-2r_A_11.mtx,28830,63426,186366,99.98%,32,1354.4,0,0,0,0,0,0,0
./suiteSparse_dataset/ca-AstroPh/ca-AstroPh.mtx,18772,18772,198110,99.94%,32,917.18,0,0,0,0,0,0,0
./suiteSparse_dataset/p2p-Gnutella31/p2p-Gnutella31.mtx,62586,62586,147892,99.99%,32,943.19,0,0,0,0,0,0,0
./suiteSparse_dataset/wang3/wang3.mtx,26064,26064,177168,99.97%,32,1456.97,0,0,0,0,0,0,0
./suiteSparse_dataset/wathen120/wathen120.mtx,36441,36441,301101,99.97%,32,1863.25,0,0,0,0,0,0,0
./suiteSparse_dataset/tsyl201/tsyl201.mtx,20685,20685,1237821,99.71%,32,3907.26,0,0,0,0,0,0,0
./suiteSparse_dataset/viscorocks/viscorocks.mtx,37762,37762,1162244,99.91%,32,4103.97,0,0,0,0,0,0,0
./suiteSparse_dataset/mark3jac100sc/mark3jac100sc.mtx,45769,45769,285215,99.98%,32,1497.98,0,0,0,0,0,0,0
./suiteSparse_dataset/copter2/copter2.mtx,55476,55476,407714,99.98%,32,1516.79,0,0,0,0,0,0,0
./suiteSparse_dataset/bcsstk25/bcsstk25.mtx,15439,15439,133840,99.94%,32,1307.03,0,0,0,0,0,0,0
./suiteSparse_dataset/JP/JP.mtx,87616,67320,13734559,99.76%,32,2807.1,0,0,0,0,0,0,0
./suiteSparse_dataset/vibrobox/vibrobox.mtx,12328,12328,177578,99.88%,32,1422.9,0,0,0,0,0,0,0
./suiteSparse_dataset/TF16/TF16.mtx,15437,19321,216173,99.92%,32,1351.08,0,0,0,0,0,0,0
./suiteSparse_dataset/nh2010/nh2010.mtx,48837,48837,117275,99.99%,32,939.7,0,0,0,0,0,0,0
./suiteSparse_dataset/TSOPF_RS_b162_c3/TSOPF_RS_b162_c3.mtx,15374,15374,610299,99.74%,32,4285.81,0,0,0,0,0,0,0
./suiteSparse_dataset/venkat01/venkat01.mtx,62424,62424,1717792,99.95%,32,4836.13,0,0,0,0,0,0,0
./suiteSparse_dataset/human_gene2/human_gene2.mtx,14340,14340,9041364,95.60%,32,2708.94,0,0,0,0,0,0,0
./suiteSparse_dataset/finan512/finan512.mtx,74752,74752,335872,99.99%,32,1363.12,0,0,0,0,0,0,0
./suiteSparse_dataset/uni_chimera_i2/uni_chimera_i2_A_04.mtx,100000,100000,448987,99.99%,32,1287.23,0,0,0,0,0,0,0
./suiteSparse_dataset/Ill_Stokes/Ill_Stokes.mtx,20896,20896,191368,99.95%,32,1314.34,0,0,0,0,0,0,0
./suiteSparse_dataset/memplus/memplus.mtx,17758,17758,126150,99.96%,32,438.02,0,0,0,0,0,0,0
./suiteSparse_dataset/nmos3/nmos3.mtx,18588,18588,386594,99.88%,32,2216.71,0,0,0,0,0,0,0
./suiteSparse_dataset/lhr11/lhr11.mtx,10964,10964,233741,99.80%,32,1872.92,0,0,0,0,0,0,0
./suiteSparse_dataset/ramage02/ramage02.mtx,16830,16830,1441591,99.49%,32,3969.14,0,0,0,0,0,0,0
./suiteSparse_dataset/crystk03/crystk03.mtx,24696,24696,887937,99.85%,32,3264.47,0,0,0,0,0,0,0
./suiteSparse_dataset/af23560/af23560.mtx,23560,23560,484256,99.91%,32,3057.17,0,0,0,0,0,0,0
./suiteSparse_dataset/jan99jac120/jan99jac120.mtx,41374,41374,260202,99.98%,32,1378.19,0,0,0,0,0,0,0
./suiteSparse_dataset/gyro/gyro_M.mtx,17361,17361,178896,99.94%,32,1531.64,0,0,0,0,0,0,0
./suiteSparse_dataset/conf5_4-8x8-05/conf5_4-8x8-05.mtx,49152,49152,1916928,99.92%,32,3902.54,0,0,0,0,0,0,0
./suiteSparse_dataset/vsp_bcsstk30_500sep_10in_1Kout/vsp_bcsstk30_500sep_10in_1Kout.mtx,58348,58348,2016578,99.94%,32,3182.73,0,0,0,0,0,0,0
./suiteSparse_dataset/Chevron2/Chevron2.mtx,90249,90249,803173,99.99%,32,2201.68,0,0,0,0,0,0,0
./suiteSparse_dataset/viscoplastic2/viscoplastic2_C_4.mtx,32769,32769,381326,99.96%,32,1462.14,0,0,0,0,0,0,0
./suiteSparse_dataset/pkustk08/pkustk08.mtx,22209,22209,1624440,99.67%,32,3350.74,0,0,0,0,0,0,0
./suiteSparse_dataset/cbuckle/cbuckle_G.mtx,13681,13681,263754,99.85%,32,2060.58,0,0,0,0,0,0,0
./suiteSparse_dataset/pkustk02/pkustk02.mtx,10800,10800,410400,99.64%,32,3420,0,0,0,0,0,0,0
./suiteSparse_dataset/loc-Brightkite/loc-Brightkite.mtx,58228,58228,214078,99.99%,32,1087.79,0,0,0,0,0,0,0
./suiteSparse_dataset/finance256/finance256.mtx,37376,37376,167936,99.98%,32,1249.52,0,0,0,0,0,0,0
./suiteSparse_dataset/vsp_msc10848_300sep_100in_1Kout/vsp_msc10848_300sep_100in_1Kout.mtx,21996,21996,1221028,99.74%,32,2578.18,0,0,0,0,0,0,0
./suiteSparse_dataset/vsp_south31_slptsk/vsp_south31_slptsk.mtx,39668,39668,189914,99.98%,32,1262.73,0,0,0,0,0,0,0
./suiteSparse_dataset/jan99jac060/jan99jac060.mtx,20614,20614,127182,99.97%,32,1088.89,0,0,0,0,0,0,0
./suiteSparse_dataset/ncvxqp5/ncvxqp5.mtx,62500,62500,237483,99.99%,32,1187.41,0,0,0,0,0,0,0
./suiteSparse_dataset/fem_filter/fem_filter.mtx,74062,74062,1731206,99.96%,32,2138.35,0,0,0,0,0,0,0
./suiteSparse_dataset/rlfprim/rlfprim.mtx,58866,62716,320591,99.99%,32,1629.02,0,0,0,0,0,0,0
./suiteSparse_dataset/astro-ph/astro-ph.mtx,16706,16706,121251,99.95%,32,1067.35,0,0,0,0,0,0,0
./suiteSparse_dataset/case39/case39_A_08.mtx,40216,40216,526144,99.96%,32,3498.3,0,0,0,0,0,0,0
./suiteSparse_dataset/TSOPF_FS_b39_c19/TSOPF_FS_b39_c19.mtx,76216,76216,998359,99.98%,32,3875.62,0,0,0,0,0,0,0
./suiteSparse_dataset/mod2/mod2.mtx,34774,66409,199810,99.99%,32,697.66,0,0,0,0,0,0,0
./suiteSparse_dataset/TSOPF_FS_b162_c4/TSOPF_FS_b162_c4.mtx,40798,40798,1204322,99.92%,32,5018.01,0,0,0,0,0,0,0
./suiteSparse_dataset/kim1/kim1.mtx,38415,38415,933195,99.93%,32,3169.82,0,0,0,0,0,0,0
./suiteSparse_dataset/lowThrust_12/lowThrust_12.mtx,18458,18458,117423,99.96%,32,1223.16,0,0,0,0,0,0,0
./suiteSparse_dataset/mark3jac060/mark3jac060.mtx,27449,27449,170695,99.97%,32,1317.09,0,0,0,0,0,0,0
./suiteSparse_dataset/g7jac100/g7jac100.mtx,29610,29610,384636,99.95%,32,1970.47,0,0,0,0,0,0,0
./suiteSparse_dataset/g7jac050sc/g7jac050sc.mtx,14760,14760,157990,99.92%,32,1249.92,0,0,0,0,0,0,0
./suiteSparse_dataset/ecl32/ecl32.mtx,51993,51993,380415,99.98%,32,1533.93,0,0,0,0,0,0,0
./suiteSparse_dataset/c-56/c-56.mtx,35910,35910,208405,99.98%,32,1194.98,0,0,0,0,0,0,0
./suiteSparse_dataset/c-65/c-65.mtx,48066,48066,204297,99.99%,32,682.81,0,0,0,0,0,0,0
./suiteSparse_dataset/mycielskian14/mycielskian14.mtx,12287,12287,1847756,98.77%,32,1868.69,0,0,0,0,0,0,0
./suiteSparse_dataset/bayer04/bayer04.mtx,20545,20545,159082,99.96%,32,1529.63,0,0,0,0,0,0,0
./suiteSparse_dataset/g7jac160/g7jac160.mtx,47430,47430,656616,99.97%,32,2267.32,0,0,0,0,0,0,0
./suiteSparse_dataset/case39/case39_A_03.mtx,40216,40216,526144,99.96%,32,3461.47,0,0,0,0,0,0,0
./suiteSparse_dataset/cyl6/cyl6.mtx,13681,13681,363961,99.80%,32,2499.73,0,0,0,0,0,0,0
./suiteSparse_dataset/g7jac140sc/g7jac140sc.mtx,41490,41490,565956,99.96%,32,2170.08,0,0,0,0,0,0,0
./suiteSparse_dataset/case39/case39_A_02.mtx,40216,40216,526144,99.96%,32,3461.47,0,0,0,0,0,0,0
./suiteSparse_dataset/crystk02/crystk02.mtx,13965,13965,491274,99.74%,32,2816.94,0,0,0,0,0,0,0
./suiteSparse_dataset/wing/wing.mtx,62032,62032,121544,99.99%,32,863.24,0,0,0,0,0,0,0
./suiteSparse_dataset/ca-HepPh/ca-HepPh.mtx,12008,12008,118521,99.91%,32,1001.02,0,0,0,0,0,0,0
./suiteSparse_dataset/lhr11c/lhr11c.mtx,10964,10964,233741,99.80%,32,1849.22,0,0,0,0,0,0,0
./suiteSparse_dataset/mip1/mip1.mtx,66463,66463,5209641,99.88%,32,6285.76,0,0,0,0,0,0,0
./suiteSparse_dataset/crplat2/crplat2.mtx,18010,18010,489478,99.84%,32,3476.41,0,0,0,0,0,0,0
./suiteSparse_dataset/g7jac180/g7jac180.mtx,53370,53370,747276,99.97%,32,2256.27,0,0,0,0,0,0,0
./suiteSparse_dataset/bcsstk29/bcsstk29.mtx,13992,13992,316740,99.83%,32,2474.53,0,0,0,0,0,0,0
./suiteSparse_dataset/uni_chimera_i2/uni_chimera_i2_A_08.mtx,100000,100000,448987,99.99%,32,1299.15,0,0,0,0,0,0,0
./suiteSparse_dataset/c-60/c-60.mtx,43640,43640,171109,99.99%,32,708.23,0,0,0,0,0,0,0
./suiteSparse_dataset/msc23052/msc23052.mtx,23052,23052,588933,99.88%,32,3067.36,0,0,0,0,0,0,0
./suiteSparse_dataset/sme3Da/sme3Da.mtx,12504,12504,874887,99.44%,32,2706.95,0,0,0,0,0,0,0
./suiteSparse_dataset/lowThrust_6/lowThrust_6.mtx,16928,16928,108376,99.96%,32,1128.92,0,0,0,0,0,0,0
./suiteSparse_dataset/wang4/wang4.mtx,26068,26068,177196,99.97%,32,1457.2,0,0,0,0,0,0,0
./suiteSparse_dataset/crystm02/crystm02.mtx,13965,13965,168435,99.91%,32,1462.11,0,0,0,0,0,0,0
./suiteSparse_dataset/pltexpa/pltexpa_A_5.mtx,26894,70364,143059,99.99%,32,1064.43,0,0,0,0,0,0,0
./suiteSparse_dataset/tandem_vtx/tandem_vtx.mtx,18454,18454,135902,99.96%,32,1147.82,0,0,0,0,0,0,0
./suiteSparse_dataset/cz40948/cz40948.mtx,40948,40948,412148,99.97%,32,1996.84,0,0,0,0,0,0,0
./suiteSparse_dataset/c-51/c-51.mtx,23196,23196,113123,99.97%,32,625.68,0,0,0,0,0,0,0
./suiteSparse_dataset/soc-Slashdot0811/soc-Slashdot0811.mtx,77360,77360,905468,99.98%,32,733.05,0,0,0,0,0,0,0
./suiteSparse_dataset/baxter/baxter.mtx,27441,30733,111576,99.98%,32,405.44,0,0,0,0,0,0,0
./suiteSparse_dataset/human_gene1/human_gene1.mtx,22283,22283,12345963,97.51%,32,2542.41,0,0,0,0,0,0,0
./suiteSparse_dataset/TSOPF_RS_b2052_c1/TSOPF_RS_b2052_c1.mtx,25626,25626,6761100,98.97%,32,7260.63,0,0,0,0,0,0,0
./suiteSparse_dataset/vsp_bump2_e18_aa01_model1_crew1/vsp_bump2_e18_aa01_model1_crew1.mtx,56438,56438,300801,99.99%,32,1205.13,0,0,0,0,0,0,0
./suiteSparse_dataset/ex35/ex35.mtx,19716,19716,228208,99.94%,32,1805.44,0,0,0,0,0,0,0
./suiteSparse_dataset/copter1/copter1.mtx,17222,17222,114143,99.96%,32,1169.5,0,0,0,0,0,0,0
./suiteSparse_dataset/mosfet2/mosfet2.mtx,46994,46994,1499460,99.93%,32,2296.97,0,0,0,0,0,0,0
./suiteSparse_dataset/tube1/tube1.mtx,21498,21498,459277,99.90%,32,3086.54,0,0,0,0,0,0,0
./suiteSparse_dataset/bayer01/bayer01.mtx,57735,57735,277774,99.99%,32,1471.26,0,0,0,0,0,0,0
./suiteSparse_dataset/mark3jac060sc/mark3jac060sc.mtx,27449,27449,170695,99.97%,32,1333.55,0,0,0,0,0,0,0
./suiteSparse_dataset/k3plates/k3plates.mtx,11107,11107,378927,99.69%,32,3157.72,0,0,0,0,0,0,0
./suiteSparse_dataset/TSOPF_RS_b162_c4/TSOPF_RS_b162_c4.mtx,20374,20374,812749,99.80%,32,4660.26,0,0,0,0,0,0,0
./suiteSparse_dataset/lhr14c/lhr14c.mtx,14270,14270,307858,99.84%,32,2346.48,0,0,0,0,0,0,0
./suiteSparse_dataset/c-72/c-72.mtx,84064,84064,395811,99.99%,32,835.75,0,0,0,0,0,0,0
./suiteSparse_dataset/IG5-15/IG5-15.mtx,11369,11987,323509,99.76%,32,1404.12,0,0,0,0,0,0,0
./suiteSparse_dataset/Pres_Poisson/Pres_Poisson.mtx,14822,14822,365313,99.83%,32,2481.75,0,0,0,0,0,0,0
./suiteSparse_dataset/g7jac200/g7jac200.mtx,59310,59310,837936,99.97%,32,2424.58,0,0,0,0,0,0,0
./suiteSparse_dataset/viscoplastic2/viscoplastic2_C_5.mtx,32769,32769,381326,99.96%,32,1547.59,0,0,0,0,0,0,0
./suiteSparse_dataset/TSOPF_RS_b678_c2/TSOPF_RS_b678_c2.mtx,35696,35696,8781949,99.31%,32,7027.81,0,0,0,0,0,0,0
./suiteSparse_dataset/scagr7-2r/scagr7-2r_A_11.mtx,32847,46679,120141,99.99%,32,1088.23,0,0,0,0,0,0,0
./suiteSparse_dataset/TF17/TF17.mtx,38132,48630,586218,99.96%,32,1507.76,0,0,0,0,0,0,0
./suiteSparse_dataset/g7jac120sc/g7jac120sc.mtx,35550,35550,475296,99.96%,32,2121.86,0,0,0,0,0,0,0
./suiteSparse_dataset/wy2010/wy2010.mtx,86204,86204,213793,99.99%,32,1104.3,0,0,0,0,0,0,0
./suiteSparse_dataset/soc-sign-Slashdot090221/soc-sign-Slashdot090221.mtx,82144,82144,549202,99.99%,32,827.11,0,0,0,0,0,0,0
./suiteSparse_dataset/net150/net150.mtx,43520,43520,1582360,99.91%,32,2739.54,0,0,0,0,0,0,0
./suiteSparse_dataset/inlet/inlet.mtx,11730,11730,328323,99.76%,32,2331.84,0,0,0,0,0,0,0
./suiteSparse_dataset/IG5-18/IG5-18.mtx,47894,41550,1790490,99.91%,32,1802.02,0,0,0,0,0,0,0
./suiteSparse_dataset/lhr10c/lhr10c.mtx,10672,10672,232633,99.79%,32,1840.45,0,0,0,0,0,0,0
./suiteSparse_dataset/mark3jac120sc/mark3jac120sc.mtx,54929,54929,342475,99.98%,32,1539.91,0,0,0,0,0,0,0
./suiteSparse_dataset/sme3Dc/sme3Dc.mtx,42930,42930,3148656,99.82%,32,3143.63,0,0,0,0,0,0,0
./suiteSparse_dataset/email-Enron/email-Enron.mtx,36692,36692,183831,99.98%,32,851.07,0,0,0,0,0,0,0
./suiteSparse_dataset/TSOPF_RS_b39_c7/TSOPF_RS_b39_c7.mtx,14098,14098,252446,99.87%,32,2586.54,0,0,0,0,0,0,0
./suiteSparse_dataset/mark3jac140sc/mark3jac140sc.mtx,64089,64089,399735,99.99%,32,1688.07,0,0,0,0,0,0,0
./suiteSparse_dataset/epb2/epb2.mtx,25228,25228,175027,99.97%,32,1317.97,0,0,0,0,0,0,0
